frage;antwort_a;antwort_b;antwort_c;antwort_d;richtig;schwierigkeit;min_alter;max_alter;erklaerung;typ
Was bedeutet eine rote Ampel?;Langsam gehen;Schnell laufen;Tanzen;Stehen bleiben;D;1;5;8;Bei Rot m√ºssen alle stehen bleiben. Das ist die wichtigste Regel!;basic
Was bedeutet eine gr√ºne Ampel f√ºr Fu√üg√§nger?;Du darfst gehen;Du darfst nicht gehen;Du musst rennen;Du musst warten;A;1;5;8;Gr√ºn bedeutet: Du darfst jetzt sicher √ºber die Stra√üe gehen.;basic
Welche Farbe hat die Ampel wenn du warten musst?;Lila;Rot;Blau;Gr√ºn;B;1;5;8;Rot bedeutet immer: Warten und stehen bleiben!;basic
Was machst du bei einer gelben Ampel?;Zur√ºck gehen;Vorbereiten und warten;Schnell rennen;H√ºpfen;B;1;5;8;Gelb bedeutet: Die Ampel wechselt gleich. Bereite dich vor!;basic
Wie viele Farben hat eine normale Ampel?;5;2;4;3;D;1;5;8;Eine Ampel hat 3 Farben: Rot, Gelb und Gr√ºn.;basic
Wof√ºr ist ein Zebrastreifen da?;Zum sicheren √úberqueren der Stra√üe;Zum Spielen;F√ºr Zebras;Zum Malen;A;1;5;8;Der Zebrastreifen hilft dir, sicher √ºber die Stra√üe zu kommen.;basic
Warum hei√üt der Zebrastreifen so?;Weil er in Afrika ist;Weil Zebras ihn erfunden haben;Weil er gestreift klingt;Wegen der schwarz-wei√üen Streifen;D;1;5;8;Die schwarz-wei√üen Streifen sehen aus wie das Fell eines Zebras.;basic
Was musst du am Zebrastreifen tun bevor du gehst?;Nach links und rechts schauen;Singen;Die Augen schlie√üen;R√ºckw√§rts gehen;A;1;5;8;Schau immer erst nach links, dann nach rechts, ob kein Auto kommt.;basic
Wer hat Vorrang am Zebrastreifen?;Fu√üg√§nger;Fahrr√§der;Autos;Busse;A;1;5;8;Am Zebrastreifen haben Fu√üg√§nger immer Vorrang. Autos m√ºssen anhalten.;basic
Welches Fahrzeug hat ein Blaulicht?;Taxi;Polizeiauto;Fahrrad;Bus;B;1;5;8;Polizei, Feuerwehr und Krankenwagen haben Blaulicht f√ºr Notf√§lle.;basic
Was macht die Feuerwehr?;Macht Musik;Baut H√§user;L√∂scht Br√§nde und hilft Menschen;Verkauft Eis;C;1;5;8;Die Feuerwehr l√∂scht Feuer und rettet Menschen in Not.;basic
Welche Farbe hat ein Feuerwehrauto?;Gelb;Rot;Gr√ºn;Blau;B;1;5;8;Feuerwehrautos sind rot, damit man sie gut sehen kann.;basic
Was ist ein Krankenwagen?;Ein Auto das kranke Menschen ins Krankenhaus bringt;Ein Auto f√ºr Hunde;Ein Spielzeugauto;Ein Rennauto;A;1;5;8;Der Krankenwagen bringt kranke oder verletzte Menschen schnell ins Krankenhaus.;basic
Wie viele R√§der hat ein Fahrrad?;3;2;1;4;B;1;5;8;Ein Fahrrad hat 2 R√§der - eins vorne und eins hinten.;basic
Wie viele R√§der hat ein Auto?;3;6;2;4;D;1;5;8;Ein normales Auto hat 4 R√§der.;basic
Wo gehst du am sichersten auf der Stra√üe?;Auf der Stra√üe;Auf dem Fahrradweg;Zwischen den Autos;Auf dem Gehweg;D;1;5;8;Der Gehweg ist f√ºr Fu√üg√§nger da - dort bist du sicher vor Autos.;basic
Was tr√§gst du damit Autofahrer dich gut sehen?;Helle oder leuchtende Kleidung;Dunkle Kleidung;Keine Kleidung;Einen Hut;A;1;5;8;Helle und leuchtende Kleidung macht dich f√ºr Autofahrer sichtbar.;basic
Warum ist ein Reflektor wichtig?;Er leuchtet im Dunkeln wenn Licht darauf scheint;Er macht Musik;Er riecht gut;Er ist sch√∂n;A;1;5;8;Reflektoren werfen das Licht von Autoscheinwerfern zur√ºck - so wirst du gesehen.;basic
An wessen Hand gehst du √ºber die Stra√üe?;An der Hand von Mama oder Papa;Mit einem Fremden;Alleine;Mit dem Hund;A;1;5;8;Kleine Kinder gehen immer an der Hand eines Erwachsenen √ºber die Stra√üe.;basic
Darf man auf der Stra√üe spielen?;Ja immer;Nein das ist gef√§hrlich;Nur wenn es dunkel ist;Nur mit Ball;B;1;5;8;Auf der Stra√üe spielen ist verboten und sehr gef√§hrlich wegen der Autos.;basic
Was bedeutet dieses Zeichen: üö∂?;Hier d√ºrfen Fu√üg√§nger gehen;Hier d√ºrfen Autos fahren;Hier ist ein Zoo;Hier ist ein Spielplatz;A;1;5;8;Das Zeichen mit dem gehenden Menschen zeigt einen Fu√üg√§ngerweg.;basic
Warum darfst du nicht zwischen geparkten Autos auf die Stra√üe laufen?;Weil Autofahrer dich nicht sehen k√∂nnen;Weil es verboten ist zu laufen;Weil Autos schmutzig sind;Weil es dort kalt ist;A;1;5;8;Zwischen Autos bist du f√ºr andere Autofahrer unsichtbar - sehr gef√§hrlich!;basic
Was machst du wenn ein Ball auf die Stra√üe rollt?;Einen Erwachsenen um Hilfe bitten;Sofort hinterherlaufen;Den Ball vergessen;Weinen;A;1;5;8;Nie alleine auf die Stra√üe laufen! Frag immer einen Erwachsenen.;basic
Wo wartest du auf den Bus?;An der Bushaltestelle;Auf der Stra√üe;Im Bus;Zu Hause;A;1;5;8;An der Bushaltestelle ist ein sicherer Wartebereich f√ºr den Bus.;basic
Was ist ein B√ºrgersteig?;Der Weg neben der Stra√üe f√ºr Fu√üg√§nger;Ein Stein;Eine Bank;Ein Haus;A;1;5;8;Der B√ºrgersteig oder Gehweg ist der sichere Bereich f√ºr Fu√üg√§nger.;basic
Was bedeutet ein rundes rotes Schild mit wei√üem Balken?;Einfahrt verboten;Schnell fahren;Parken erlaubt;Hier gibt es Eis;A;2;7;10;Dieses Schild bedeutet: Hier darfst du nicht hineinfahren.;basic
Was bedeutet ein dreieckiges Schild mit rotem Rand?;Achtung Gefahr oder Warnung;Hier ist es sch√∂n;Hier darfst du schnell fahren;Hier ist ein Spielplatz;A;2;7;10;Dreieckige Schilder mit rotem Rand warnen vor einer Gefahr.;basic
Was bedeutet ein blaues rundes Schild?;Ein Gebot - das musst du tun;Ein Verbot;Eine Warnung;Nichts Besonderes;A;2;7;10;Blaue runde Schilder zeigen Gebote - zum Beispiel Radweg benutzen.;basic
Was zeigt das Schild mit einem Fahrrad?;Hier ist ein Fahrradweg;Fahrr√§der verboten;Fahrradladen;Fahrrad parken;A;2;7;10;Ein blaues Schild mit Fahrrad zeigt: Hier ist der Radweg.;basic
Was bedeutet das Stoppschild?;Anhalten und schauen;Schnell weiterfahren;Hupen;Winken;A;2;7;10;Am Stoppschild musst du immer komplett anhalten.;basic
Auf welcher Seite f√§hrst du mit dem Fahrrad?;Auf der rechten Seite;Auf der linken Seite;In der Mitte;Mal hier mal dort;A;2;7;10;In Deutschland f√§hrt man immer rechts - auch mit dem Fahrrad.;basic
Was muss ein verkehrssicheres Fahrrad haben?;Licht Bremsen und Klingel;Nur eine Klingel;Einen Motor;Nichts davon;A;2;7;10;Licht vorne und hinten, zwei Bremsen und eine Klingel sind Pflicht.;basic
Warum ist ein Fahrradhelm wichtig?;Er sch√ºtzt deinen Kopf bei einem Sturz;Er sieht cool aus;Er h√§lt warm;Er macht schneller;A;2;7;10;Der Helm sch√ºtzt deinen Kopf bei Unf√§llen vor schlimmen Verletzungen.;basic
Darfst du zu zweit auf einem Fahrrad fahren?;Nein nur mit speziellem Kindersitz;Ja immer;Nur bergab;Nur wenn es regnet;A;2;7;10;Auf normalen Fahrr√§dern darf nur eine Person fahren. F√ºr Kinder gibt es spezielle Sitze.;basic
Was machst du mit der Hand beim Abbiegen mit dem Fahrrad?;Arm ausstrecken in die Richtung;Winken;Klatschen;Nichts;A;2;7;10;Strecke den Arm in die Richtung aus, in die du abbiegen willst.;basic
Warum ist der k√ºrzeste Schulweg nicht immer der beste?;Weil der sicherste Weg wichtiger ist;Weil er langweilig ist;Weil er zu schnell ist;Weil er schmutzig ist;A;2;7;10;Ein sicherer Schulweg mit Ampeln und Zebrastreifen ist besser als ein kurzer gef√§hrlicher Weg.;basic
Was ist ein Sch√ºlerlotse?;Eine Person die Kindern beim √úberqueren hilft;Ein Lehrer;Ein Polizist;Ein Busfahrer;A;2;7;10;Sch√ºlerlotsen helfen Kindern sicher √ºber die Stra√üe zu kommen.;basic
Warum sollst du morgens fr√ºh genug losgehen?;Damit du nicht hetzen musst und aufmerksam bist;Damit du m√ºde wirst;Damit du frierst;Damit du alleine bist;A;2;7;10;Wer hetzt, achtet nicht auf den Verkehr. Lieber fr√ºh und sicher!;basic
Was machst du wenn der Schulbus kommt?;Warten bis er steht und die T√ºr offen ist;Sofort auf die Stra√üe laufen;Dem Bus nachlaufen;Den Bus anschreien;A;2;7;10;Erst wenn der Bus steht und die T√ºr offen ist, darfst du einsteigen.;basic
Warum darfst du nicht hinter dem Bus √ºber die Stra√üe laufen?;Weil dich die Autos nicht sehen k√∂nnen;Weil der Bus schmutzig ist;Weil es verboten ist zu laufen;Weil der Bus dann wegf√§hrt;A;2;7;10;Hinter dem Bus bist du f√ºr andere Autofahrer nicht sichtbar.;basic
Was bedeutet es wenn ein Auto blinkt?;Das Auto will abbiegen;Das Auto ist kaputt;Das Auto hupt;Das Auto bremst;A;2;7;10;Der Blinker zeigt an, dass das Auto die Richtung √§ndern will.;basic
Wann musst du besonders vorsichtig sein?;Bei Regen und Dunkelheit;Bei Sonnenschein;Am Wochenende;Im Sommer;A;2;7;10;Bei schlechtem Wetter sehen Autofahrer weniger und Bremswege sind l√§nger.;basic
Was ist ein toter Winkel?;Ein Bereich den der Fahrer nicht sehen kann;Eine Stra√üenecke;Ein kaputtes Auto;Eine Kreuzung;A;2;7;10;Im toten Winkel kann dich der Fahrer auch im Spiegel nicht sehen.;basic
Warum darfst du nicht am Handy spielen wenn du gehst?;Weil du dann nicht auf den Verkehr achtest;Weil das Handy kaputt geht;Weil es kalt ist;Weil es dunkel wird;A;2;7;10;Wer aufs Handy schaut, bemerkt Autos und Gefahren nicht.;basic
Was bedeuten wei√üe Streifen auf der Stra√üe?;Hier ist der Fahrbahnrand oder Zebrastreifen;Hier ist es sauber;Hier darfst du spielen;Hier ist ein Parkplatz;A;2;7;10;Wei√üe Streifen markieren wichtige Bereiche wie Zebrastreifen oder Fahrspuren.;basic
Was bedeutet das Schild Vorfahrt gew√§hren?;Andere Fahrzeuge zuerst lassen;Du hast Vorfahrt;Schneller fahren;Anhalten verboten;A;3;9;12;Das Dreieck auf der Spitze bedeutet: Warte und lass andere zuerst fahren.;basic
Was bedeutet ein gelbes Schild mit schwarzem Kreuz?;Kreuzung mit Vorfahrtsstra√üe;Kirche in der N√§he;Erste Hilfe;Verboten;A;3;9;12;Dieses Schild warnt vor einer Kreuzung, auf der besondere Regeln gelten.;basic
Was bedeutet das Verkehrszeichen Zone 30?;Hier gilt Tempo 30;30 Autos erlaubt;30 Meter bis zum Ziel;Ab 30 Jahren erlaubt;A;3;9;12;In Zone-30-Bereichen darf man maximal 30 km/h fahren - oft vor Schulen.;basic
Was zeigt das Schild mit einem durchgestrichenen P?;Parken verboten;Parkplatz hier;Polizei;Post;A;3;9;12;Durchgestrichenes P bedeutet: Hier darfst du nicht parken.;basic
Was bedeutet ein Schild mit Schneeflocke?;Achtung Gl√§ttegefahr im Winter;Hier gibt es Eis zu kaufen;Skigebiet;K√ºhles Gebiet;A;3;9;12;Dieses Schild warnt vor Gl√§tte durch Schnee oder Eis.;basic
Wer hat Vorfahrt an einer Kreuzung ohne Schilder?;Wer von rechts kommt;Wer von links kommt;Wer schneller ist;Wer gr√∂√üer ist;A;3;9;12;Rechts vor links: Fahrzeuge von rechts haben Vorfahrt.;basic
Was bedeutet die Regel rechts vor links?;Wer von rechts kommt hat Vorfahrt;Rechte Hand vor linker Hand;Rechts ist besser als links;Man f√§hrt immer rechts;A;3;9;12;An Kreuzungen ohne Schilder: Das Fahrzeug von rechts darf zuerst.;basic
Wann gilt rechts vor links nicht?;Auf Vorfahrtsstra√üen oder bei Schildern;Nie;Immer bei Regen;Am Wochenende;A;3;9;12;Vorfahrtsschilder oder Ampeln ersetzen die rechts-vor-links-Regel.;basic
Was ist eine Vorfahrtsstra√üe?;Eine Stra√üe auf der du immer Vorfahrt hast;Eine besonders breite Stra√üe;Eine Stra√üe mit Shops;Eine Einbahnstra√üe;A;3;9;12;Auf einer Vorfahrtsstra√üe musst du anderen nicht die Vorfahrt geben.;basic
Wer hat Vorfahrt im Kreisverkehr?;Wer im Kreisverkehr f√§hrt;Wer einfahren will;Wer am schnellsten ist;Wer am gr√∂√üten ist;A;3;9;12;Fahrzeuge im Kreisverkehr haben immer Vorfahrt vor einfahrenden.;basic
Warum ist Abstand zum Vordermann wichtig?;Um bei Bremsung nicht aufzufahren;Um besser zu sehen;Um zu √ºberholen;Wegen der Luft;A;3;9;12;Mit genug Abstand kannst du rechtzeitig bremsen wenn das Auto vor dir bremst.;basic
Wie lang ist der Bremsweg bei nasser Stra√üe?;Viel l√§nger als bei trockener Stra√üe;Genau gleich;K√ºrzer;Nur etwas l√§nger;A;3;9;12;Auf nasser Stra√üe kann der Bremsweg doppelt so lang werden!;basic
Was ist der Reaktionsweg?;Die Strecke bis man reagiert;Der Weg zur Arbeit;Der k√ºrzeste Weg;Der Weg nach der Bremsung;A;3;9;12;Der Reaktionsweg ist die Strecke, die man f√§hrt bis man √ºberhaupt bremst.;basic
Aus welchen Teilen besteht der Anhalteweg?;Reaktionsweg plus Bremsweg;Nur aus dem Bremsweg;Aus der Geschwindigkeit;Aus dem Benzinverbrauch;A;3;9;12;Anhalteweg = Reaktionsweg (bis man bremst) + Bremsweg (bis man steht).;basic
Was ist eine Einbahnstra√üe?;Eine Stra√üe in der man nur in eine Richtung fahren darf;Eine Stra√üe f√ºr ein Auto;Eine schmale Stra√üe;Eine Stra√üe ohne Ausfahrt;A;3;9;12;In Einbahnstra√üen d√ºrfen alle Fahrzeuge nur in eine Richtung fahren.;basic
Was bedeutet ein Schild mit durchgestrichenem Pfeil?;In diese Richtung fahren verboten;Pfeil nicht beachten;Schneller fahren;Langsamer fahren;A;3;9;12;Der durchgestrichene Pfeil verbietet das Fahren in diese Richtung.;basic
Was ist ein Seitenstreifen?;Der Bereich neben der Fahrbahn;Ein Streifen Papier;Die Mitte der Stra√üe;Ein Zebrastreifen;A;3;9;12;Der Seitenstreifen ist f√ºr Pannen oder Notf√§lle - nicht zum Fahren.;basic
Was ist eine Spielstra√üe?;Ein verkehrsberuhigter Bereich;Eine Stra√üe zum Spielen;Ein Spielplatz;Eine Rennstrecke;A;3;9;12;In Spielstra√üen (verkehrsberuhigt) haben Fu√üg√§nger Vorrang, Tempo ist Schritt.;basic
Was ist die StVO?;Die Stra√üenverkehrsordnung;Ein Automodell;Eine Stadt;Ein F√ºhrerscheintyp;A;3;11;14;Die StVO enth√§lt alle Regeln f√ºr den Stra√üenverkehr in Deutschland.;basic
Ab welchem Alter darf man in Deutschland Auto fahren?;18 Jahre (bzw. 17 mit Begleitung);16 Jahre;21 Jahre;14 Jahre;A;3;11;14;Der F√ºhrerschein Klasse B ist ab 18 m√∂glich, begleitetes Fahren ab 17.;basic
Ab welchem Alter darf man alleine Mofa fahren?;15 Jahre;14 Jahre;16 Jahre;18 Jahre;A;3;11;14;Mit 15 Jahren darf man den Mofaf√ºhrerschein machen.;basic
Was ist die Promillegrenze f√ºr Fahranf√§nger?;0,0 Promille;0,3 Promille;0,5 Promille;0,8 Promille;A;3;11;14;F√ºr Fahranf√§nger in der Probezeit gilt absolutes Alkoholverbot.;basic
Was ist die allgemeine Promillegrenze f√ºr erfahrene Autofahrer?;0,5 Promille;0,0 Promille;0,8 Promille;1,0 Promille;A;3;11;14;Ab 0,5 Promille drohen Strafen, bei Auff√§lligkeiten schon fr√ºher.;basic
Was ist die Notrufnummer in Europa?;112;110;911;999;A;3;11;14;Die 112 ist der europaweite Notruf f√ºr Feuerwehr und Rettungsdienst.;basic
Was bedeutet die Abk√ºrzung f√ºr die stabile Seitenlage?;Eine Lagerung f√ºr Bewusstlose die atmen;Eine Schlafposition;Eine Sport√ºbung;Eine Sitzposition;A;3;11;14;Die stabile Seitenlage sch√ºtzt Bewusstlose vor dem Ersticken.;basic
Was pr√ºfst du zuerst bei einem Verletzten?;Ob er bei Bewusstsein ist und atmet;Ob er einen Ausweis hat;Welches Auto er f√§hrt;Wie alt er ist;A;3;11;14;Bewusstsein und Atmung sind die wichtigsten Vitalzeichen.;basic
Was geh√∂rt in einen Verbandskasten im Auto?;Verb√§nde, Pflaster, Handschuhe, Schere;Nur Pflaster;Medikamente;Essen und Trinken;A;3;11;14;Der Verbandskasten enth√§lt alles f√ºr die Erstversorgung bei Unf√§llen.;basic
Was musst du nach einem Unfall mit Verletzten tun?;Unfallstelle sichern und Notruf w√§hlen;Weiterfahren;Fotos machen;Die Polizei suchen;A;3;11;14;Sichern, Notruf, Erste Hilfe - in dieser Reihenfolge.;basic
Welche Fahrzeuge d√ºrfen auf dem Radweg fahren?;Fahrr√§der und E-Scooter;Autos;Motorr√§der;LKWs;A;3;11;14;Der Radweg ist f√ºr Fahrr√§der und erlaubte Kleinstfahrzeuge wie E-Scooter.;basic
Ab welchem Alter darf man E-Scooter fahren?;14 Jahre;12 Jahre;16 Jahre;18 Jahre;A;3;11;14;E-Scooter d√ºrfen ab 14 Jahren ohne F√ºhrerschein gefahren werden.;basic
Braucht man f√ºr einen E-Scooter einen F√ºhrerschein?;Nein aber eine Versicherung;Ja Klasse B;Ja Klasse M;Nein gar nichts;A;3;11;14;E-Scooter brauchen keinen F√ºhrerschein aber eine Haftpflichtversicherung.;basic
Wo darf man mit dem E-Scooter fahren?;Auf Radwegen und Stra√üen;Auf dem Gehweg;√úberall;Nur auf Privatgrund;A;3;11;14;E-Scooter geh√∂ren auf Radwege, nicht auf Gehwege oder in Fu√üg√§ngerzonen.;basic
Was ist der Unterschied zwischen Moped und Mofa?;Mofa max 25 kmh, Moped max 45 kmh;Kein Unterschied;Mofa ist schneller;Moped hat keine Pedale;A;3;11;14;Mofa: max 25 km/h. Moped/Roller: max 45 km/h mit anderem F√ºhrerschein.;basic
Was ist ein Katalysator im Auto?;Ein Ger√§t das Abgase reinigt;Ein Zusatztank;Eine Klimaanlage;Ein Radio;A;3;11;14;Der Katalysator wandelt giftige Abgase in weniger sch√§dliche Stoffe um.;basic
Was bedeutet eine Umweltplakette?;Sie zeigt die Schadstoffklasse des Autos;Sie zeigt den Besitzer;Sie ist Dekoration;Sie zeigt das Alter;A;3;11;14;Ohne passende Umweltplakette darf man nicht in Umweltzonen fahren.;basic
Was ist eine Umweltzone?;Ein Bereich mit Fahrverbot f√ºr bestimmte Autos;Ein Park;Ein Naturschutzgebiet;Ein Waldgebiet;A;3;11;14;In Umweltzonen d√ºrfen nur Autos mit passender Plakette fahren.;basic
Warum ist Fahrgemeinschaft gut f√ºr die Umwelt?;Weniger Autos bedeutet weniger Abgase;Autos fahren schneller;Es macht mehr Spa√ü;Autos sind billiger;A;3;11;14;Wenn sich 4 Personen ein Auto teilen, sparen alle CO2 und Geld.;basic
Welche F√ºhrerscheinklasse braucht man f√ºr ein Auto?;Klasse B;Klasse A;Klasse C;Klasse M;A;4;14;18;F√ºhrerschein Klasse B berechtigt zum Fahren von PKWs bis 3,5 Tonnen.;basic
Wie lange dauert die Probezeit nach dem F√ºhrerschein?;2 Jahre;1 Jahr;3 Jahre;6 Monate;A;4;14;18;Die Probezeit dauert 2 Jahre und wird bei Verst√∂√üen verl√§ngert.;basic
Was passiert bei einem schweren Versto√ü in der Probezeit?;Probezeit verl√§ngert sich und Aufbauseminar n√∂tig;Nichts;Nur Geldstrafe;F√ºhrerschein weg;A;4;14;18;Schwere Verst√∂√üe f√ºhren zur Verl√§ngerung auf 4 Jahre plus Nachschulung.;basic
Was ist begleitetes Fahren?;Fahren ab 17 mit erfahrenem Beifahrer;Fahren mit Fahrlehrer;Fahren im Konvoi;Fahren mit GPS;A;4;14;18;BF17: Ab 17 darf man mit eingetragener Begleitperson Auto fahren.;basic
Welche Voraussetzungen muss die Begleitperson beim BF17 erf√ºllen?;30 Jahre alt, 5 Jahre F√ºhrerschein, max 1 Punkt;Nur √ºber 18;Fahrlehrer sein;Verwandtschaft;A;4;14;18;Mindestens 30 Jahre, 5 Jahre Fahrpraxis, maximal 1 Punkt in Flensburg.;basic
Was ist eine Rettungsgasse?;Eine Gasse f√ºr Rettungsfahrzeuge bei Stau;Ein Krankenhaus;Eine Notaufnahme;Ein Parkplatz;A;4;14;18;Bei Stau auf Autobahnen m√ºssen alle eine Gasse f√ºr Rettungsdienste bilden.;basic
Wann muss man eine Rettungsgasse bilden?;Sobald der Verkehr stockt;Erst bei Unfall;Nur wenn Blaulicht kommt;Nie;A;4;14;18;Sofort wenn der Verkehr ins Stocken ger√§t - nicht erst beim Stillstand!;basic
Wo bildet man die Rettungsgasse auf einer zweispurigen Autobahn?;Zwischen den beiden Spuren;Ganz rechts;Ganz links;Auf dem Standstreifen;A;4;14;18;Linke Spur nach links, rechte Spur nach rechts - Gasse in der Mitte.;basic
Wo bildet man die Rettungsgasse bei drei Spuren?;Zwischen linker und mittlerer Spur;Zwischen allen Spuren;Ganz rechts;Auf jeder Spur eine;A;4;14;18;Immer zwischen der ganz linken und der n√§chsten Spur.;basic
Was droht bei Nichtbilden einer Rettungsgasse?;Hohe Geldstrafe und Fahrverbot;Nur Ermahnung;Nichts;1 Euro;A;4;14;18;Mindestens 200 Euro Strafe, 2 Punkte, bei Behinderung bis zu 320 Euro plus Fahrverbot.;basic
Was ist Fahrerflucht?;Sich vom Unfallort entfernen ohne Daten zu hinterlassen;Schnell fahren;Vor der Polizei fl√ºchten;Im Stau wenden;A;4;14;18;Wer einen Unfall verursacht und wegf√§hrt, begeht eine Straftat.;basic
Welche Versicherung ist f√ºr Autos Pflicht?;Kfz-Haftpflichtversicherung;Vollkasko;Teilkasko;Unfallversicherung;A;4;14;18;Die Haftpflicht deckt Sch√§den bei anderen - sie ist gesetzlich vorgeschrieben.;basic
Was deckt die Teilkaskoversicherung ab?;Diebstahl, Hagel, Wildunfall;Alle eigenen Sch√§den;Nur fremde Sch√§den;Nur Personensch√§den;A;4;14;18;Teilkasko: Sch√§den durch √§u√üere Einfl√ºsse wie Wetter, Tiere, Diebstahl.;basic
Was deckt die Vollkaskoversicherung zus√§tzlich?;Selbstverschuldete Unf√§lle am eigenen Auto;Nichts zus√§tzlich;Nur Reparaturen;Benzinkosten;A;4;14;18;Vollkasko zahlt auch bei selbst verschuldeten Sch√§den am eigenen Fahrzeug.;basic
Wie schnell darf man innerorts fahren?;50 km/h;30 km/h;70 km/h;60 km/h;A;4;14;18;Innerorts gilt generell Tempo 50, au√üer es ist anders beschildert.;basic
Wie schnell darf man au√üerorts auf Landstra√üen fahren?;100 km/h;80 km/h;120 km/h;70 km/h;A;4;14;18;Auf Landstra√üen gilt f√ºr PKWs maximal 100 km/h.;basic
Gibt es auf deutschen Autobahnen ein generelles Tempolimit?;Nein nur Richtgeschwindigkeit 130;Ja 130 km/h;Ja 150 km/h;Ja 120 km/h;A;4;14;18;Auf deutschen Autobahnen gibt es kein generelles Limit, empfohlen sind 130 km/h.;basic
Was ist die Richtgeschwindigkeit auf der Autobahn?;130 km/h;120 km/h;150 km/h;100 km/h;A;4;14;18;Die Richtgeschwindigkeit ist eine Empfehlung - bei Unf√§llen √ºber 130 kann Mithaftung drohen.;basic
Was ist ESP im Auto?;Elektronisches Stabilit√§tsprogramm;Elektrische Servolenkung;Extra Sicherheits Paket;Elektronik Spar Programm;A;4;14;18;ESP verhindert das Schleudern des Autos durch gezieltes Abbremsen einzelner R√§der.;basic
Was ist ABS?;Antiblockiersystem f√ºr die Bremsen;Auto Brems System;Automatische Beschleunigung;Anti Beschleunigungs System;A;4;14;18;ABS verhindert das Blockieren der R√§der beim Bremsen - man kann weiter lenken.;basic
Wie viele Punkte darf man maximal in Flensburg haben?;8 Punkte;10 Punkte;12 Punkte;5 Punkte;A;4;14;18;Bei 8 Punkten wird der F√ºhrerschein entzogen.;basic
Was passiert bei 8 Punkten in Flensburg?;F√ºhrerscheinentzug;Nur Warnung;Geldstrafe;Nachschulung;A;4;14;18;Bei 8 Punkten ist der F√ºhrerschein weg - mindestens 6 Monate Sperre.;basic
Wann verj√§hren Punkte in Flensburg?;Nach 2,5 bis 10 Jahren je nach Schwere;Nie;Nach 1 Jahr;Nach 5 Jahren immer;A;4;14;18;Leichte Verst√∂√üe: 2,5 Jahre. Schwere: 5 Jahre. Straftaten: 10 Jahre.;basic
Ab wie viel km/h √úberschreitung innerorts droht Fahrverbot?;Ab 31 km/h zu schnell;Ab 20 km/h;Ab 50 km/h;Ab 10 km/h;A;4;14;18;Ab 31 km/h zu schnell innerorts: 2 Punkte und 1 Monat Fahrverbot.;basic
Was ist ein Totwinkel-Assistent?;Ein System das vor Fahrzeugen im toten Winkel warnt;Ein Spiegel;Eine Kamera;Ein Beifahrer;A;4;14;18;Sensoren erkennen Fahrzeuge im toten Winkel und warnen den Fahrer.;basic
Was ist adaptiver Tempomat?;Tempomat der Abstand zum Vordermann h√§lt;Normaler Tempomat;Klimaanlage;Navigationsger√§t;A;4;14;18;ACC passt die Geschwindigkeit automatisch an den Vordermann an.;basic
Was ist ein Notbremsassistent?;System das automatisch bremst bei Gefahr;Handbremse;Zusatzbremse;Bremsfl√ºssigkeit;A;4;14;18;Der Notbremsassistent erkennt Hindernisse und bremst wenn der Fahrer nicht reagiert.;basic
Was bedeutet autonomes Fahren Level 3?;Das Auto f√§hrt selbst, Fahrer muss aber eingreifen k√∂nnen;Komplett selbstfahrend;Gar nicht selbstfahrend;Nur Einparken;A;4;14;18;Level 3: Hochautomatisiert - das Auto √ºbernimmt, Fahrer bleibt in Bereitschaft.;basic